/Style-Guides/Style-Guides/index.{html} /Style-Guides/Style-Guides/
/Tools/Web/JSON-2-DTO/index.{html} /Tools/Web/JSON-2-DTO/
/Better-Laravel/Eloquent/index.{html} /Better-Laravel/Eloquent/
/Better-Laravel/Factories/index.{html} /Better-Laravel/Factories/
/People/Christoph-Rumpel/index.{html} /People/Christoph-Rumpel/
/People/Mateus-Guimar%C3%A3es/index.{html} /People/Mateus-Guimar%C3%A3es/
/Topics-Explained/Queues/index.{html} /Topics-Explained/Queues/
/Tools/Desktop/Laragon/index.{html} /Tools/Desktop/Laragon/
/Courses/YouTube-channels/index.{html} /Courses/YouTube-channels/
/People/Aaron-Francis/index.{html} /People/Aaron-Francis/
/People/Doeke-Norg/index.{html} /People/Doeke-Norg/
/People/James-Seconde/index.{html} /People/James-Seconde/
/People/Jeff-Ochoa/index.{html} /People/Jeff-Ochoa/
/People/Martin-Bean/index.{html} /People/Martin-Bean/
/People/Caleb-Porzio/index.{html} /People/Caleb-Porzio/
/People/Piotr-Jura/index.{html} /People/Piotr-Jura/
/Tools/Lectures/index.{html} /Tools/Lectures/
/People/Colin-Decarlo/index.{html} /People/Colin-Decarlo/
/People/Matthew-Daly/index.{html} /People/Matthew-Daly/
/Tips/Code/index.{html} /Tips/Code/
/Better-Laravel/Facades/index.{html} /Better-Laravel/Facades/
/Code/Snippets/Macros/index.{html} /Code/Snippets/Macros/
/People/Ben-Ramsey/index.{html} /People/Ben-Ramsey/
/Books/Laravel-Official-Documentation/index.{html} /Books/Laravel-Official-Documentation/
/Courses/Event-Sourcing-in-Laravel/index.{html} /Courses/Event-Sourcing-in-Laravel/
/People/Joel-Clermont/index.{html} /People/Joel-Clermont/
/People/Tareque-Md-Hanif/index.{html} /People/Tareque-Md-Hanif/
/Tools/Desktop/Invoker/index.{html} /Tools/Desktop/Invoker/
/People/Jess-Archer/index.{html} /People/Jess-Archer/
/People/Kai-Sassnowski/index.{html} /People/Kai-Sassnowski/
/Better-Laravel/APIs/index.{html} /Better-Laravel/APIs/
/Books/Books/index.{html} /Books/Books/
/Legend/Article/index.{html} /Legend/Article/
/People/Adam-Wathan/index.{html} /People/Adam-Wathan/
/People/Chirag-Gude/index.{html} /People/Chirag-Gude/
/People/Liam-Hammett/index.{html} /People/Liam-Hammett/
/Books/Laravel-Queues-in-Action/index.{html} /Books/Laravel-Queues-in-Action/
/People/Bobby-Bouwmann/index.{html} /People/Bobby-Bouwmann/
/People/Sebastian-De-Deyne/index.{html} /People/Sebastian-De-Deyne/
/Tools/Tools/index.{html} /Tools/Tools/
/Tools/Web/Laravel-Collection-Playground/index.{html} /Tools/Web/Laravel-Collection-Playground/
/Courses/Eloquent-Performance-Patterns/index.{html} /Courses/Eloquent-Performance-Patterns/
/People/People/index.{html} /People/People/
/People/Philo-Hermans/index.{html} /People/Philo-Hermans/
/Tips/Tips/index.{html} /Tips/Tips/
/Better-Laravel/Development/index.{html} /Better-Laravel/Development/
/Better-Laravel/Repositories/index.{html} /Better-Laravel/Repositories/
/Code/Code/index.{html} /Code/Code/
/People/Brent-Roose/index.{html} /People/Brent-Roose/
/People/Chris-Rhymes/index.{html} /People/Chris-Rhymes/
/People/Ryan-Chandler/index.{html} /People/Ryan-Chandler/
/index.html /
/Better-Laravel/Batches/index.{html} /Better-Laravel/Batches/
/Better-Laravel/Casts/index.{html} /Better-Laravel/Casts/
/Other/index.{html} /Other/
/People/Matt-Staufer/index.{html} /People/Matt-Staufer/
/Tools/Desktop/Ray/index.{html} /Tools/Desktop/Ray/
/Topics-Explained/Topics-Explained/index.{html} /Topics-Explained/Topics-Explained/
/Better-Laravel/Domain-Driven-Design-DDD/index.{html} /Better-Laravel/Domain-Driven-Design-DDD/
/People/Andrew-Schmelyun/index.{html} /People/Andrew-Schmelyun/
/People/Luke-Downing/index.{html} /People/Luke-Downing/
/Better-Laravel/Responses/index.{html} /Better-Laravel/Responses/
/People/Alexandru-Stratulat/index.{html} /People/Alexandru-Stratulat/
/People/Michael-Dyrynda/index.{html} /People/Michael-Dyrynda/
/Projects/Projects/index.{html} /Projects/Projects/
/Better-Laravel/Database/index.{html} /Better-Laravel/Database/
/Better-Laravel/View-Models/index.{html} /Better-Laravel/View-Models/
/People/Jeffrey-Way/index.{html} /People/Jeffrey-Way/
/People/Leo-Khoa/index.{html} /People/Leo-Khoa/
/People/Simon-Hamp/index.{html} /People/Simon-Hamp/
/People/Stefan-Bauer/index.{html} /People/Stefan-Bauer/
/Better-Laravel/Actions/index.{html} /Better-Laravel/Actions/
/Better-Laravel/Scheduler/index.{html} /Better-Laravel/Scheduler/
/Better-Laravel/Security/index.{html} /Better-Laravel/Security/
/People/Loris-Leiva/index.{html} /People/Loris-Leiva/
/People/Povilas-Korop/index.{html} /People/Povilas-Korop/
/Style-Guides/Refactoring-PHP/index.{html} /Style-Guides/Refactoring-PHP/
/Better-Laravel/Error-Handling/index.{html} /Better-Laravel/Error-Handling/
/Better-Laravel/Pipelines/index.{html} /Better-Laravel/Pipelines/
/Courses/Develop-and-Deploy-Laravel-Applications-with-Docker/index.{html} /Courses/Develop-and-Deploy-Laravel-Applications-with-Docker/
/Tools/Desktop/Laravel-Kit/index.{html} /Tools/Desktop/Laravel-Kit/
/Legend/Repository/index.{html} /Legend/Repository/
/Projects/Open-Sources/Flashcards/index.{html} /Projects/Open-Sources/Flashcards/
/Better-Laravel/Cache/index.{html} /Better-Laravel/Cache/
/Better-Laravel/Form-Requests/index.{html} /Better-Laravel/Form-Requests/
/Better-Laravel/Livewire/index.{html} /Better-Laravel/Livewire/
/Better-Laravel/Seeders/index.{html} /Better-Laravel/Seeders/
/Books/Laravel-From-Apprentice-To-Artisan-Advanced-Architecture-With-Laravel-4/index.{html} /Books/Laravel-From-Apprentice-To-Artisan-Advanced-Architecture-With-Laravel-4/
/Courses/Testing-Laravel/index.{html} /Courses/Testing-Laravel/
/Projects/Open-Sources/Monica/index.{html} /Projects/Open-Sources/Monica/
/Books/Domain-Driven-Design-With-Laravel/index.{html} /Books/Domain-Driven-Design-With-Laravel/
/People/David-Fern%C3%A1ndez/index.{html} /People/David-Fern%C3%A1ndez/
/People/Samuel-%C5%A0tancl/index.{html} /People/Samuel-%C5%A0tancl/
/Better-Laravel/Tests/index.{html} /Better-Laravel/Tests/
/Better-Laravel/Value-Objects/index.{html} /Better-Laravel/Value-Objects/
/Companies/BeyondCode/index.{html} /Companies/BeyondCode/
/People/Jack-Miras/index.{html} /People/Jack-Miras/
/People/Taylor-Otwell/index.{html} /People/Taylor-Otwell/
/Better-Laravel/JavaScript/index.{html} /Better-Laravel/JavaScript/
/Better-Laravel/URL-Generation/index.{html} /Better-Laravel/URL-Generation/
/Companies/Companies/index.{html} /Companies/Companies/
/People/Rias-Van-der-Veken/index.{html} /People/Rias-Van-der-Veken/
/People/Stephen-Rees-Carter/index.{html} /People/Stephen-Rees-Carter/
/People/Tim-MacDonald/index.{html} /People/Tim-MacDonald/
/Better-Laravel/Better-Laravel/index.{html} /Better-Laravel/Better-Laravel/
/Companies/Asper-Brothers/index.{html} /Companies/Asper-Brothers/
/People/Atymic/index.{html} /People/Atymic/
/People/Chris-Trombley/index.{html} /People/Chris-Trombley/
/People/Marcus-Moore/index.{html} /People/Marcus-Moore/
/People/Mirza-Pasic/index.{html} /People/Mirza-Pasic/
/Courses/Courses/index.{html} /Courses/Courses/
/People/Jason-McCreary/index.{html} /People/Jason-McCreary/
/Better-Laravel/Translations/index.{html} /Better-Laravel/Translations/
/Tools/Desktop/Tinkerwell/index.{html} /Tools/Desktop/Tinkerwell/
/People/Freek-Van-der-Herten/index.{html} /People/Freek-Van-der-Herten/
/Style-Guides/Laravel-PHP/index.{html} /Style-Guides/Laravel-PHP/
/Better-Laravel/Blade/index.{html} /Better-Laravel/Blade/
/Better-Laravel/Design-Patterns/index.{html} /Better-Laravel/Design-Patterns/
/Better-Laravel/Upload-Files/index.{html} /Better-Laravel/Upload-Files/
/Code/Examples/index.{html} /Code/Examples/
/Courses/Useful-Laravel-Packages/index.{html} /Courses/Useful-Laravel-Packages/
/People/Andre-Madarang/index.{html} /People/Andre-Madarang/
/Better-Laravel/Collections/index.{html} /Better-Laravel/Collections/
/Better-Laravel/Models/index.{html} /Better-Laravel/Models/
/CONTRIBUTING/index.{html} /CONTRIBUTING/
/Courses/Laravel-Package-Training/index.{html} /Courses/Laravel-Package-Training/
/People/Steve-McDougall/index.{html} /People/Steve-McDougall/
/Better-Laravel/Debugging/index.{html} /Better-Laravel/Debugging/
/Courses/Master-Laravel-with-Vue.js-Fullstack-Development/index.{html} /Courses/Master-Laravel-with-Vue.js-Fullstack-Development/
/Legend/Video/index.{html} /Legend/Video/
/People/Adel-Faiz/index.{html} /People/Adel-Faiz/
/People/Mohamed-Said/index.{html} /People/Mohamed-Said/
/People/Orkhan-Ahmadov/index.{html} /People/Orkhan-Ahmadov/
/People/Jonathan-Reinink/index.{html} /People/Jonathan-Reinink/
/People/Marco-Aur%C3%A9lio-Deleu/index.{html} /People/Marco-Aur%C3%A9lio-Deleu/
/People/Martin-Joo/index.{html} /People/Martin-Joo/
/Style-Guides/Laravel-Clean-Code-Tactics/index.{html} /Style-Guides/Laravel-Clean-Code-Tactics/
/Tools/Web/Laravel-Playground/index.{html} /Tools/Web/Laravel-Playground/
/Books/Laravel-Secrets/index.{html} /Books/Laravel-Secrets/
/Companies/Spatie/index.{html} /Companies/Spatie/
/Companies/Tighten/index.{html} /Companies/Tighten/
/Courses/Laravel-beyond-CRUD/index.{html} /Courses/Laravel-beyond-CRUD/
/People/Aleksander-Tabor/index.{html} /People/Aleksander-Tabor/
/People/Rizqi-Djamaluddin/index.{html} /People/Rizqi-Djamaluddin/
